nom,prenom,email,telephone,ville,interet
Dupont,Jean,jean.dupont@email.com,0123456789,Paris,Permis d'études
Martin,Marie,marie.martin@email.com,0123456790,Lyon,Résidence permanente
Bernard,Pierre,pierre.bernard@email.com,0123456791,Marseille,Permis de travail
Durand,Sophie,sophie.durand@email.com,0123456792,Toulouse,Visa visiteur
Petit,Michel,michel.petit@email.com,0123456793,Nice,Citoyenneté
Moreau,Claire,claire.moreau@email.com,0123456794,Nantes,Permis d'études
Leroy,Paul,paul.leroy@email.com,0123456795,Strasbourg,Résidence permanente
Simon,Julie,julie.simon@email.com,0123456796,Bordeaux,Permis de travail
